{
  "प्यार": [
    "दिल की किताब में तेरा नाम है,\nआंखों की नींद में तेरा पैगाम है,\nतुझे पाकर मुकम्मल हुई कहानी मेरी,\nतेरे बिना अधूरी हर शाम है।",
    "तेरी यादों के चिराग जलते हैं,\nहर लम्हा तेरे ख्याल में ढलते हैं,\nकैसे कहूं मैं तुझसे मोहब्बत की दास्तां,\nलफ्ज़ भी तेरे सामने पिघलते हैं।",
    "मोहब्बत की राह में कदम बढ़ा दिया,\nतेरी एक मुस्कान ने दिल चुरा लिया,\nअब तो हर सांस में बस तेरा नाम है,\nतूने अपनी यादों में मुझे बसा लिया।",
    "तेरा जिक्र जब भी होता है,\nचेहरे पे मुस्कान छा जाती है,\nमाना नहीं हो तुम पास मेरे,\nपर रूह को सुकून आ जाती है।",
    "वो कहते हैं इश्क एक बार होता है,\nमगर जबसे तुझे देखा,\nहर बार वही एहसास होता है।"
  ],
  "दोस्ती": [
    "दोस्ती वो नहीं जो मांगी जाए,\nदोस्ती वो है जो निभाई जाए,\nजिंदगी में कुछ रिश्ते ऐसे होते हैं,\nजो बिना कहे समझे जाए।",
    "यारी है इम्तेहान भी और इनाम भी,\nदोस्त है सुकून भी और शाम भी,\nजिंदगी में दोस्त न होते तो कैसे चलता,\nदोस्त ही तो है मेरी सुबह और शाम भी।",
    "दोस्ती का रिश्ता भी कमाल होता है,\nहर मुश्किल में साथ देने वाला खयाल होता है,\nखुदा करे हर किसी को ऐसा दोस्त मिले,\nजो हर हाल में साथ चलने वाला मिसाल होता है।",
    "दोस्ती नाम है सुख-दुख की कहानी का,\nदोस्ती राज है सदा मुस्कुराने का,\nये कोई पल भर की जान-पहचान नहीं,\nदोस्ती वादा है उम्र भर साथ निभाने का।",
    "सच्चे दोस्त फूलों की तरह होते हैं,\nजो हर मौसम में महकते हैं,\nचाहे कितनी भी दूर चले जाएं,\nदिल में हमेशा बसते हैं।"
  ],
  "जिंदगी": [
    "जिंदगी एक सफर है सुहाना,\nयहाँ हर पल है नया तराना,\nकभी हंसी कभी ग़म का मेला,\nयही तो है जीवन का खजाना।",
    "हर मुश्किल को आसान बना लें,\nहर तूफान को मुस्कान बना लें,\nयही है जिंदगी की खूबसूरती,\nहर लम्हे को एक दास्तान बना लें।",
    "कल की फ़िक्र में आज को न खोएं,\nजो मिला है उसमें खुशियां ढूंढ लें,\nजिंदगी बहुत छोटी है दोस्तों,\nहर पल को खुशी से जी लें।",
    "हम में कोई अनबन नहीं है,\nबस वो मन नहीं।\nबस अपने आप को सुलझा रहा हूँ,\nतुम्हें लेकर कोई उलझन नहीं है।",
    "जिंदगी तन्हा भी हसीन लगती है,\nजब अपनी सोच में रंगीन लगती है,\nहर मोड़ पे कुछ सिखा देती है ये,\nहर सुबह एक नई तर्जुमानी लगती है।"
  ],
  "मोटिवेशन": [
    "मंजिल उन्हीं को मिलती है,\nजिनके सपनों में जान होती है,\nपंखों से कुछ नहीं होता,\nहौसलों से उड़ान होती है।",
    "हार कर भी बढ़ते रहना है,\nजीत तक चलते रहना है,\nमंजिल मिलेगी एक दिन,\nबस हौसला रखते रहना है।",
    "कदम कदम पर मुश्किलें आएंगी,\nराहें भी कई टेढ़ी होंगी,\nपर हिम्मत से जो चलते हैं,\nउनकी मंजिलें भी खूबसूरत होंगी।",
    "जो हार नहीं मानते,\nवो ही इतिहास बनाते हैं,\nमुसीबतों में भी जो मुस्कराएं,\nवो ही असली जीत पाते हैं।",
    "जितनी बड़ी सोच होगी,\nउतनी ही ऊंची उड़ान होगी,\nखुद पर भरोसा रखो,\nक्योंकि कोशिश ही पहचान होगी।"
  ],
  "खुशी": [
    "खुशियों के फूल खिलते रहें,\nआंखों में सपने पलते रहें,\nजिंदगी की राहों में सदा,\nप्यार के दीप जलते रहें।",
    "मुस्कुराते रहो तुम हर दम,\nखुशियां बांटते रहो हर कदम,\nक्योंकि जीवन का सबसे बड़ा सुख,\nदूसरों को खुश देखना है हर दम।",
    "खुशियों का खजाना मिले आपको,\nजीवन में ठिकाना मिले आपको,\nहर सपना हो पूरा आपका,\nऐसा समय-खजाना मिले आपको।",
    "खुशी बांटो तो दोगुनी हो जाती है,\nग़म बांटो तो आधी रह जाती है,\nहर पल मुस्कराते रहो,\nयही तो असली ज़िंदगी कहलाती है।",
    "छोटी-छोटी खुशियों में भी जीना सीखो,\nहर लम्हे को गले लगाना सीखो,\nज़िंदगी है बहुत हसीन,\nबस उसे महसूस करना सीखो।"
  ],


  "दर्द": [
    "मुस्कुराने की कोशिश हर बार की,\nपर आंखें हर बार भीग जाती हैं,\nकुछ जख्म ऐसे होते हैं,\nजो दुनिया को नहीं दिखते बस दिल में रह जाते हैं।",
    "दर्द को लफ़्ज़ों में कैसे बयान करूं,\nहर मुस्कान के पीछे एक तूफ़ान छुपा है,\nजो हँसता है सबसे सामने,\nवो ही सबसे ज़्यादा टूटा हुआ होता है।",
    "तेरी बेरुखी का ग़म न था,\nग़म तो इस बात का है,\nकि तू वक़्त के साथ बदल गया,\nऔर हम तेरे लिए वही रहे।"
  ],
  "इंतज़ार": [
    "तुम्हारे इंतज़ार में बीते हैं कई मौसम,\nहर आहट पे बस तेरा नाम लिया हमने,\nना जाने कब लौटोगे तुम,\nमगर अब भी दिल ने उम्मीद नहीं छोड़ी है।",
    "वो कहते हैं वक़्त किसी का इंतज़ार नहीं करता,\nमगर हम अब भी उसी मोड़ पर खड़े हैं,\nजहाँ तुमने कहा था — 'बस लौटकर आता हूँ।'",
    "इंतज़ार में भी एक सुकून होता है,\nजब कोई अपना लौटने का वादा करता है,\nना आए वो फिर भी शिकायत नहीं,\nक्योंकि उम्मीदों का भी अपना एक मजा होता है।"
  ],
  "यादें": [
    "वो बचपन की बातें, वो तितलियों के पीछे भागना,\nआज भी कभी-कभी आँखें नम कर जाती हैं,\nयादें हैं जो साथ नहीं छोड़ती,\nचाहे वक्त कितना भी आगे निकल जाए।",
    "तेरी बातें, तेरा हँसना, हर एक लम्हा,\nअब बस यादों में ही बाकी है,\nजिंदगी के इस सफ़र में,\nतेरी कमी आज भी बाकी है।",
    "यादें वो मेहमान होती हैं,\nजो बिन बुलाए भी चली आती हैं,\nकभी हँसाती हैं, कभी रुलाती हैं,\nपर साथ कभी नहीं छोड़तीं।"
  ]
}